rule_pvi8,rule_vovd,rule_p4fa
A Light in the ...,A Light in the Attic,£51.77
Tipping the Velvet,Tipping the Velvet,£53.74
Soumission,Soumission,£50.10
Sharp Objects,Sharp Objects,£47.82
Sapiens: A Brief History ...,Sapiens: A Brief History of Humankind,£54.23
The Requiem Red,The Requiem Red,£22.65
The Dirty Little Secrets ...,The Dirty Little Secrets of Getting Your Dream Job,£33.34
The Coming Woman: A ...,"The Coming Woman: A Novel Based on the Life of the Infamous Feminist, Victoria Woodhull",£17.93
The Boys in the ...,The Boys in the Boat: Nine Americans and Their Epic Quest for Gold at the 1936 Berlin Olympics,£22.60
The Black Maria,The Black Maria,£52.15
Starving Hearts (Triangular Trade ...,"Starving Hearts (Triangular Trade Trilogy, #1)",£13.99
Shakespeare's Sonnets,Shakespeare's Sonnets,£20.66
Set Me Free,Set Me Free,£17.46
Scott Pilgrim's Precious Little ...,Scott Pilgrim's Precious Little Life (Scott Pilgrim #1),£52.29
Rip it Up and ...,Rip it Up and Start Again,£35.02
Our Band Could Be ...,"Our Band Could Be Your Life: Scenes from the American Indie Underground, 1981-1991",£57.25
Olio,Olio,£23.88
Mesaerion: The Best Science ...,Mesaerion: The Best Science Fiction Stories 1800-1849,£37.59
Libertarianism for Beginners,Libertarianism for Beginners,£51.33
It's Only the Himalayas,It's Only the Himalayas,£45.17
